Ana García;ana.garcia@tecnosoluciones.es;Administración;
Carlos Pérez;carlos.perez@tecnosoluciones.es;Ventas / Administracion;
Laura Martín;laura.martin@tecnosoluciones.es;Ventas;
Miguel Sánchez;miguel.sanchez@tecnosoluciones.es;Compras;
Elena López;elena.lopez@tecnosoluciones.es;Inventario;
Pancho salamez;javier.gomez@tecnosoluciones.es;ginecologia;
Marta Ruiz;marta.ruiz@tecnosoluciones.es;Administración;
Pablo Fernández;pablo.fernandez@tecnosoluciones.es;Compras;
;;;
;;;
;;;
;;;
;;;
;;;
;;;
;;;
